sample-id,absolute-filepath,direction
FGFP16S0038,/mnt/microbio_research/suisha/Review/Re60/EGAD00001004449/DATA/EGAF00002232510/FGFP16S0038.1.fq.gz,forward
FGFP16S0038,/mnt/microbio_research/suisha/Review/Re60/EGAD00001004449/DATA/EGAF00002232511/FGFP16S0038.2.fq.gz,reverse
FGFP16S0040,/mnt/microbio_research/suisha/Review/Re60/EGAD00001004449/DATA/EGAF00002232514/FGFP16S0040.1.fq.gz,forward
FGFP16S0040,/mnt/microbio_research/suisha/Review/Re60/EGAD00001004449/DATA/EGAF00002232515/FGFP16S0040.2.fq.gz,reverse
FGFP16S0041,/mnt/microbio_research/suisha/Review/Re60/EGAD00001004449/DATA/EGAF00002232516/FGFP16S0041.1.fq.gz,forward
FGFP16S0041,/mnt/microbio_research/suisha/Review/Re60/EGAD00001004449/DATA/EGAF00002232517/FGFP16S0041.2.fq.gz,reverse
FGFP16S0046,/mnt/microbio_research/suisha/Review/Re60/EGAD00001004449/DATA/EGAF00002232526/FGFP16S0046.1.fq.gz,forward
FGFP16S0046,/mnt/microbio_research/suisha/Review/Re60/EGAD00001004449/DATA/EGAF00002232527/FGFP16S0046.2.fq.gz,reverse
FGFP16S0052,/mnt/microbio_research/suisha/Review/Re60/EGAD00001004449/DATA/EGAF00002232666/FGFP16S0052.1.fq.gz,forward
FGFP16S0052,/mnt/microbio_research/suisha/Review/Re60/EGAD00001004449/DATA/EGAF00002232667/FGFP16S0052.2.fq.gz,reverse
FGFP16S0055,/mnt/microbio_research/suisha/Review/Re60/EGAD00001004449/DATA/EGAF00002232672/FGFP16S0055.1.fq.gz,forward
FGFP16S0055,/mnt/microbio_research/suisha/Review/Re60/EGAD00001004449/DATA/EGAF00002232673/FGFP16S0055.2.fq.gz,reverse
FGFP16S0061,/mnt/microbio_research/suisha/Review/Re60/EGAD00001004449/DATA/EGAF00002232684/FGFP16S0061.1.fq.gz,forward
FGFP16S0061,/mnt/microbio_research/suisha/Review/Re60/EGAD00001004449/DATA/EGAF00002232685/FGFP16S0061.2.fq.gz,reverse
FGFP16S0062,/mnt/microbio_research/suisha/Review/Re60/EGAD00001004449/DATA/EGAF00002232686/FGFP16S0062.1.fq.gz,forward
FGFP16S0062,/mnt/microbio_research/suisha/Review/Re60/EGAD00001004449/DATA/EGAF00002232687/FGFP16S0062.2.fq.gz,reverse
FGFP16S0072,/mnt/microbio_research/suisha/Review/Re60/EGAD00001004449/DATA/EGAF00002232834/FGFP16S0072.1.fq.gz,forward
FGFP16S0072,/mnt/microbio_research/suisha/Review/Re60/EGAD00001004449/DATA/EGAF00002232835/FGFP16S0072.2.fq.gz,reverse
FGFP16S0080,/mnt/microbio_research/suisha/Review/Re60/EGAD00001004449/DATA/EGAF00002232988/FGFP16S0080.1.fq.gz,forward
FGFP16S0080,/mnt/microbio_research/suisha/Review/Re60/EGAD00001004449/DATA/EGAF00002232989/FGFP16S0080.2.fq.gz,reverse
FGFP16S0082,/mnt/microbio_research/suisha/Review/Re60/EGAD00001004449/DATA/EGAF00002232992/FGFP16S0082.1.fq.gz,forward
FGFP16S0082,/mnt/microbio_research/suisha/Review/Re60/EGAD00001004449/DATA/EGAF00002232993/FGFP16S0082.2.fq.gz,reverse
FGFP16S0084,/mnt/microbio_research/suisha/Review/Re60/EGAD00001004449/DATA/EGAF00002232996/FGFP16S0084.1.fq.gz,forward
FGFP16S0084,/mnt/microbio_research/suisha/Review/Re60/EGAD00001004449/DATA/EGAF00002232997/FGFP16S0084.2.fq.gz,reverse
FGFP16S0091,/mnt/microbio_research/suisha/Review/Re60/EGAD00001004449/DATA/EGAF00002233010/FGFP16S0091.1.fq.gz,forward
FGFP16S0091,/mnt/microbio_research/suisha/Review/Re60/EGAD00001004449/DATA/EGAF00002233011/FGFP16S0091.2.fq.gz,reverse
FGFP16S0098,/mnt/microbio_research/suisha/Review/Re60/EGAD00001004449/DATA/EGAF00002233166/FGFP16S0098.1.fq.gz,forward
FGFP16S0098,/mnt/microbio_research/suisha/Review/Re60/EGAD00001004449/DATA/EGAF00002233167/FGFP16S0098.2.fq.gz,reverse
FGFP16S0100,/mnt/microbio_research/suisha/Review/Re60/EGAD00001004449/DATA/EGAF00002233170/FGFP16S0100.1.fq.gz,forward
FGFP16S0100,/mnt/microbio_research/suisha/Review/Re60/EGAD00001004449/DATA/EGAF00002233171/FGFP16S0100.2.fq.gz,reverse
FGFP16S0106,/mnt/microbio_research/suisha/Review/Re60/EGAD00001004449/DATA/EGAF00002233182/FGFP16S0106.1.fq.gz,forward
FGFP16S0106,/mnt/microbio_research/suisha/Review/Re60/EGAD00001004449/DATA/EGAF00002233183/FGFP16S0106.2.fq.gz,reverse
FGFP16S0109,/mnt/microbio_research/suisha/Review/Re60/EGAD00001004449/DATA/EGAF00002233188/FGFP16S0109.1.fq.gz,forward
FGFP16S0109,/mnt/microbio_research/suisha/Review/Re60/EGAD00001004449/DATA/EGAF00002233189/FGFP16S0109.2.fq.gz,reverse
FGFP16S0112,/mnt/microbio_research/suisha/Review/Re60/EGAD00001004449/DATA/EGAF00002231214/FGFP16S0112.1.fq.gz,forward
FGFP16S0112,/mnt/microbio_research/suisha/Review/Re60/EGAD00001004449/DATA/EGAF00002231215/FGFP16S0112.2.fq.gz,reverse
FGFP16S0113,/mnt/microbio_research/suisha/Review/Re60/EGAD00001004449/DATA/EGAF00002231216/FGFP16S0113.1.fq.gz,forward
FGFP16S0113,/mnt/microbio_research/suisha/Review/Re60/EGAD00001004449/DATA/EGAF00002231217/FGFP16S0113.2.fq.gz,reverse
FGFP16S0128,/mnt/microbio_research/suisha/Review/Re60/EGAD00001004449/DATA/EGAF00002231342/FGFP16S0128.1.fq.gz,forward
FGFP16S0128,/mnt/microbio_research/suisha/Review/Re60/EGAD00001004449/DATA/EGAF00002231343/FGFP16S0128.2.fq.gz,reverse
FGFP16S0132,/mnt/microbio_research/suisha/Review/Re60/EGAD00001004449/DATA/EGAF00002231350/FGFP16S0132.1.fq.gz,forward
FGFP16S0132,/mnt/microbio_research/suisha/Review/Re60/EGAD00001004449/DATA/EGAF00002231351/FGFP16S0132.2.fq.gz,reverse
FGFP16S0143,/mnt/microbio_research/suisha/Review/Re60/EGAD00001004449/DATA/EGAF00002231458/FGFP16S0143.1.fq.gz,forward
FGFP16S0143,/mnt/microbio_research/suisha/Review/Re60/EGAD00001004449/DATA/EGAF00002231459/FGFP16S0143.2.fq.gz,reverse
FGFP16S0150,/mnt/microbio_research/suisha/Review/Re60/EGAD00001004449/DATA/EGAF00002231472/FGFP16S0150.1.fq.gz,forward
FGFP16S0150,/mnt/microbio_research/suisha/Review/Re60/EGAD00001004449/DATA/EGAF00002231473/FGFP16S0150.2.fq.gz,reverse
FGFP16S0151,/mnt/microbio_research/suisha/Review/Re60/EGAD00001004449/DATA/EGAF00002231474/FGFP16S0151.1.fq.gz,forward
FGFP16S0151,/mnt/microbio_research/suisha/Review/Re60/EGAD00001004449/DATA/EGAF00002231475/FGFP16S0151.2.fq.gz,reverse
FGFP16S0154,/mnt/microbio_research/suisha/Review/Re60/EGAD00001004449/DATA/EGAF00002231480/FGFP16S0154.1.fq.gz,forward
FGFP16S0154,/mnt/microbio_research/suisha/Review/Re60/EGAD00001004449/DATA/EGAF00002231481/FGFP16S0154.2.fq.gz,reverse
FGFP16S0157,/mnt/microbio_research/suisha/Review/Re60/EGAD00001004449/DATA/EGAF00002231486/FGFP16S0157.1.fq.gz,forward
FGFP16S0157,/mnt/microbio_research/suisha/Review/Re60/EGAD00001004449/DATA/EGAF00002231487/FGFP16S0157.2.fq.gz,reverse
FGFP16S0161,/mnt/microbio_research/suisha/Review/Re60/EGAD00001004449/DATA/EGAF00002231558/FGFP16S0161.1.fq.gz,forward
FGFP16S0161,/mnt/microbio_research/suisha/Review/Re60/EGAD00001004449/DATA/EGAF00002231559/FGFP16S0161.2.fq.gz,reverse
FGFP16S0162,/mnt/microbio_research/suisha/Review/Re60/EGAD00001004449/DATA/EGAF00002231560/FGFP16S0162.1.fq.gz,forward
FGFP16S0162,/mnt/microbio_research/suisha/Review/Re60/EGAD00001004449/DATA/EGAF00002231561/FGFP16S0162.2.fq.gz,reverse
FGFP16S0167,/mnt/microbio_research/suisha/Review/Re60/EGAD00001004449/DATA/EGAF00002231570/FGFP16S0167.1.fq.gz,forward
FGFP16S0167,/mnt/microbio_research/suisha/Review/Re60/EGAD00001004449/DATA/EGAF00002231571/FGFP16S0167.2.fq.gz,reverse
FGFP16S0170,/mnt/microbio_research/suisha/Review/Re60/EGAD00001004449/DATA/EGAF00002231576/FGFP16S0170.1.fq.gz,forward
FGFP16S0170,/mnt/microbio_research/suisha/Review/Re60/EGAD00001004449/DATA/EGAF00002231577/FGFP16S0170.2.fq.gz,reverse
FGFP16S0185,/mnt/microbio_research/suisha/Review/Re60/EGAD00001004449/DATA/EGAF00002231668/FGFP16S0185.1.fq.gz,forward
FGFP16S0185,/mnt/microbio_research/suisha/Review/Re60/EGAD00001004449/DATA/EGAF00002231669/FGFP16S0185.2.fq.gz,reverse
FGFP16S0188,/mnt/microbio_research/suisha/Review/Re60/EGAD00001004449/DATA/EGAF00002231674/FGFP16S0188.1.fq.gz,forward
FGFP16S0188,/mnt/microbio_research/suisha/Review/Re60/EGAD00001004449/DATA/EGAF00002231675/FGFP16S0188.2.fq.gz,reverse
FGFP16S0192,/mnt/microbio_research/suisha/Review/Re60/EGAD00001004449/DATA/EGAF00002231746/FGFP16S0192.1.fq.gz,forward
FGFP16S0192,/mnt/microbio_research/suisha/Review/Re60/EGAD00001004449/DATA/EGAF00002231747/FGFP16S0192.2.fq.gz,reverse
FGFP16S0201,/mnt/microbio_research/suisha/Review/Re60/EGAD00001004449/DATA/EGAF00002231764/FGFP16S0201.1.fq.gz,forward
FGFP16S0201,/mnt/microbio_research/suisha/Review/Re60/EGAD00001004449/DATA/EGAF00002231765/FGFP16S0201.2.fq.gz,reverse
FGFP16S0217,/mnt/microbio_research/suisha/Review/Re60/EGAD00001004449/DATA/EGAF00002231890/FGFP16S0217.1.fq.gz,forward
FGFP16S0217,/mnt/microbio_research/suisha/Review/Re60/EGAD00001004449/DATA/EGAF00002231891/FGFP16S0217.2.fq.gz,reverse
FGFP16S0222,/mnt/microbio_research/suisha/Review/Re60/EGAD00001004449/DATA/EGAF00002231900/FGFP16S0222.1.fq.gz,forward
FGFP16S0222,/mnt/microbio_research/suisha/Review/Re60/EGAD00001004449/DATA/EGAF00002231901/FGFP16S0222.2.fq.gz,reverse
FGFP16S0223,/mnt/microbio_research/suisha/Review/Re60/EGAD00001004449/DATA/EGAF00002231998/FGFP16S0223.1.fq.gz,forward
FGFP16S0223,/mnt/microbio_research/suisha/Review/Re60/EGAD00001004449/DATA/EGAF00002231999/FGFP16S0223.2.fq.gz,reverse
FGFP16S0235,/mnt/microbio_research/suisha/Review/Re60/EGAD00001004449/DATA/EGAF00002232022/FGFP16S0235.1.fq.gz,forward
FGFP16S0235,/mnt/microbio_research/suisha/Review/Re60/EGAD00001004449/DATA/EGAF00002232023/FGFP16S0235.2.fq.gz,reverse
FGFP16S0245,/mnt/microbio_research/suisha/Review/Re60/EGAD00001004449/DATA/EGAF00002232138/FGFP16S0245.1.fq.gz,forward
FGFP16S0245,/mnt/microbio_research/suisha/Review/Re60/EGAD00001004449/DATA/EGAF00002232139/FGFP16S0245.2.fq.gz,reverse
FGFP16S0248,/mnt/microbio_research/suisha/Review/Re60/EGAD00001004449/DATA/EGAF00002232144/FGFP16S0248.1.fq.gz,forward
FGFP16S0248,/mnt/microbio_research/suisha/Review/Re60/EGAD00001004449/DATA/EGAF00002232145/FGFP16S0248.2.fq.gz,reverse
FGFP16S0255,/mnt/microbio_research/suisha/Review/Re60/EGAD00001004449/DATA/EGAF00002232254/FGFP16S0255.1.fq.gz,forward
FGFP16S0255,/mnt/microbio_research/suisha/Review/Re60/EGAD00001004449/DATA/EGAF00002232255/FGFP16S0255.2.fq.gz,reverse
FGFP16S0259,/mnt/microbio_research/suisha/Review/Re60/EGAD00001004449/DATA/EGAF00002232262/FGFP16S0259.1.fq.gz,forward
FGFP16S0259,/mnt/microbio_research/suisha/Review/Re60/EGAD00001004449/DATA/EGAF00002232263/FGFP16S0259.2.fq.gz,reverse
FGFP16S0263,/mnt/microbio_research/suisha/Review/Re60/EGAD00001004449/DATA/EGAF00002232270/FGFP16S0263.1.fq.gz,forward
FGFP16S0263,/mnt/microbio_research/suisha/Review/Re60/EGAD00001004449/DATA/EGAF00002232271/FGFP16S0263.2.fq.gz,reverse
FGFP16S0265,/mnt/microbio_research/suisha/Review/Re60/EGAD00001004449/DATA/EGAF00002232274/FGFP16S0265.1.fq.gz,forward
FGFP16S0265,/mnt/microbio_research/suisha/Review/Re60/EGAD00001004449/DATA/EGAF00002232275/FGFP16S0265.2.fq.gz,reverse
FGFP16S0267,/mnt/microbio_research/suisha/Review/Re60/EGAD00001004449/DATA/EGAF00002232278/FGFP16S0267.1.fq.gz,forward
FGFP16S0267,/mnt/microbio_research/suisha/Review/Re60/EGAD00001004449/DATA/EGAF00002232279/FGFP16S0267.2.fq.gz,reverse
FGFP16S0273,/mnt/microbio_research/suisha/Review/Re60/EGAD00001004449/DATA/EGAF00002232386/FGFP16S0273.1.fq.gz,forward
FGFP16S0273,/mnt/microbio_research/suisha/Review/Re60/EGAD00001004449/DATA/EGAF00002232387/FGFP16S0273.2.fq.gz,reverse
FGFP16S0275,/mnt/microbio_research/suisha/Review/Re60/EGAD00001004449/DATA/EGAF00002232390/FGFP16S0275.1.fq.gz,forward
FGFP16S0275,/mnt/microbio_research/suisha/Review/Re60/EGAD00001004449/DATA/EGAF00002232391/FGFP16S0275.2.fq.gz,reverse
FGFP16S0277,/mnt/microbio_research/suisha/Review/Re60/EGAD00001004449/DATA/EGAF00002232394/FGFP16S0277.1.fq.gz,forward
FGFP16S0277,/mnt/microbio_research/suisha/Review/Re60/EGAD00001004449/DATA/EGAF00002232395/FGFP16S0277.2.fq.gz,reverse
FGFP16S0281,/mnt/microbio_research/suisha/Review/Re60/EGAD00001004449/DATA/EGAF00002232402/FGFP16S0281.1.fq.gz,forward
FGFP16S0281,/mnt/microbio_research/suisha/Review/Re60/EGAD00001004449/DATA/EGAF00002232403/FGFP16S0281.2.fq.gz,reverse
FGFP16S0284,/mnt/microbio_research/suisha/Review/Re60/EGAD00001004449/DATA/EGAF00002232408/FGFP16S0284.1.fq.gz,forward
FGFP16S0284,/mnt/microbio_research/suisha/Review/Re60/EGAD00001004449/DATA/EGAF00002232409/FGFP16S0284.2.fq.gz,reverse
FGFP16S0285,/mnt/microbio_research/suisha/Review/Re60/EGAD00001004449/DATA/EGAF00002232410/FGFP16S0285.1.fq.gz,forward
FGFP16S0285,/mnt/microbio_research/suisha/Review/Re60/EGAD00001004449/DATA/EGAF00002232411/FGFP16S0285.2.fq.gz,reverse
FGFP16S0286,/mnt/microbio_research/suisha/Review/Re60/EGAD00001004449/DATA/EGAF00002232412/FGFP16S0286.1.fq.gz,forward
FGFP16S0286,/mnt/microbio_research/suisha/Review/Re60/EGAD00001004449/DATA/EGAF00002232413/FGFP16S0286.2.fq.gz,reverse
FGFP16S0289,/mnt/microbio_research/suisha/Review/Re60/EGAD00001004449/DATA/EGAF00002232532/FGFP16S0289.1.fq.gz,forward
FGFP16S0289,/mnt/microbio_research/suisha/Review/Re60/EGAD00001004449/DATA/EGAF00002232533/FGFP16S0289.2.fq.gz,reverse
FGFP16S0291,/mnt/microbio_research/suisha/Review/Re60/EGAD00001004449/DATA/EGAF00002232536/FGFP16S0291.1.fq.gz,forward
FGFP16S0291,/mnt/microbio_research/suisha/Review/Re60/EGAD00001004449/DATA/EGAF00002232537/FGFP16S0291.2.fq.gz,reverse
FGFP16S0296,/mnt/microbio_research/suisha/Review/Re60/EGAD00001004449/DATA/EGAF00002232546/FGFP16S0296.1.fq.gz,forward
FGFP16S0296,/mnt/microbio_research/suisha/Review/Re60/EGAD00001004449/DATA/EGAF00002232547/FGFP16S0296.2.fq.gz,reverse
FGFP16S0297,/mnt/microbio_research/suisha/Review/Re60/EGAD00001004449/DATA/EGAF00002232548/FGFP16S0297.1.fq.gz,forward
FGFP16S0297,/mnt/microbio_research/suisha/Review/Re60/EGAD00001004449/DATA/EGAF00002232549/FGFP16S0297.2.fq.gz,reverse
FGFP16S0299,/mnt/microbio_research/suisha/Review/Re60/EGAD00001004449/DATA/EGAF00002232552/FGFP16S0299.1.fq.gz,forward
FGFP16S0299,/mnt/microbio_research/suisha/Review/Re60/EGAD00001004449/DATA/EGAF00002232553/FGFP16S0299.2.fq.gz,reverse
FGFP16S0300,/mnt/microbio_research/suisha/Review/Re60/EGAD00001004449/DATA/EGAF00002232554/FGFP16S0300.1.fq.gz,forward
FGFP16S0300,/mnt/microbio_research/suisha/Review/Re60/EGAD00001004449/DATA/EGAF00002232555/FGFP16S0300.2.fq.gz,reverse
FGFP16S0301,/mnt/microbio_research/suisha/Review/Re60/EGAD00001004449/DATA/EGAF00002232556/FGFP16S0301.1.fq.gz,forward
FGFP16S0301,/mnt/microbio_research/suisha/Review/Re60/EGAD00001004449/DATA/EGAF00002232557/FGFP16S0301.2.fq.gz,reverse
FGFP16S0307,/mnt/microbio_research/suisha/Review/Re60/EGAD00001004449/DATA/EGAF00002232696/FGFP16S0307.1.fq.gz,forward
FGFP16S0307,/mnt/microbio_research/suisha/Review/Re60/EGAD00001004449/DATA/EGAF00002232697/FGFP16S0307.2.fq.gz,reverse
FGFP16S0310,/mnt/microbio_research/suisha/Review/Re60/EGAD00001004449/DATA/EGAF00002232702/FGFP16S0310.1.fq.gz,forward
FGFP16S0310,/mnt/microbio_research/suisha/Review/Re60/EGAD00001004449/DATA/EGAF00002232703/FGFP16S0310.2.fq.gz,reverse
FGFP16S0311,/mnt/microbio_research/suisha/Review/Re60/EGAD00001004449/DATA/EGAF00002232704/FGFP16S0311.1.fq.gz,forward
FGFP16S0311,/mnt/microbio_research/suisha/Review/Re60/EGAD00001004449/DATA/EGAF00002232705/FGFP16S0311.2.fq.gz,reverse
FGFP16S0313,/mnt/microbio_research/suisha/Review/Re60/EGAD00001004449/DATA/EGAF00002232708/FGFP16S0313.1.fq.gz,forward
FGFP16S0313,/mnt/microbio_research/suisha/Review/Re60/EGAD00001004449/DATA/EGAF00002232709/FGFP16S0313.2.fq.gz,reverse
FGFP16S0314,/mnt/microbio_research/suisha/Review/Re60/EGAD00001004449/DATA/EGAF00002232710/FGFP16S0314.1.fq.gz,forward
FGFP16S0314,/mnt/microbio_research/suisha/Review/Re60/EGAD00001004449/DATA/EGAF00002232711/FGFP16S0314.2.fq.gz,reverse
FGFP16S0319,/mnt/microbio_research/suisha/Review/Re60/EGAD00001004449/DATA/EGAF00002232848/FGFP16S0319.1.fq.gz,forward
FGFP16S0319,/mnt/microbio_research/suisha/Review/Re60/EGAD00001004449/DATA/EGAF00002232849/FGFP16S0319.2.fq.gz,reverse
FGFP16S0320,/mnt/microbio_research/suisha/Review/Re60/EGAD00001004449/DATA/EGAF00002232850/FGFP16S0320.1.fq.gz,forward
FGFP16S0320,/mnt/microbio_research/suisha/Review/Re60/EGAD00001004449/DATA/EGAF00002232851/FGFP16S0320.2.fq.gz,reverse
FGFP16S0321,/mnt/microbio_research/suisha/Review/Re60/EGAD00001004449/DATA/EGAF00002232852/FGFP16S0321.1.fq.gz,forward
FGFP16S0321,/mnt/microbio_research/suisha/Review/Re60/EGAD00001004449/DATA/EGAF00002232853/FGFP16S0321.2.fq.gz,reverse
FGFP16S0322,/mnt/microbio_research/suisha/Review/Re60/EGAD00001004449/DATA/EGAF00002232854/FGFP16S0322.1.fq.gz,forward
FGFP16S0322,/mnt/microbio_research/suisha/Review/Re60/EGAD00001004449/DATA/EGAF00002232855/FGFP16S0322.2.fq.gz,reverse
FGFP16S0326,/mnt/microbio_research/suisha/Review/Re60/EGAD00001004449/DATA/EGAF00002232862/FGFP16S0326.1.fq.gz,forward
FGFP16S0326,/mnt/microbio_research/suisha/Review/Re60/EGAD00001004449/DATA/EGAF00002232863/FGFP16S0326.2.fq.gz,reverse
FGFP16S0331,/mnt/microbio_research/suisha/Review/Re60/EGAD00001004449/DATA/EGAF00002232872/FGFP16S0331.1.fq.gz,forward
FGFP16S0331,/mnt/microbio_research/suisha/Review/Re60/EGAD00001004449/DATA/EGAF00002232873/FGFP16S0331.2.fq.gz,reverse
FGFP16S0334,/mnt/microbio_research/suisha/Review/Re60/EGAD00001004449/DATA/EGAF00002232878/FGFP16S0334.1.fq.gz,forward
FGFP16S0334,/mnt/microbio_research/suisha/Review/Re60/EGAD00001004449/DATA/EGAF00002232879/FGFP16S0334.2.fq.gz,reverse
FGFP16S0342,/mnt/microbio_research/suisha/Review/Re60/EGAD00001004449/DATA/EGAF00002233032/FGFP16S0342.1.fq.gz,forward
FGFP16S0342,/mnt/microbio_research/suisha/Review/Re60/EGAD00001004449/DATA/EGAF00002233033/FGFP16S0342.2.fq.gz,reverse
FGFP16S0346,/mnt/microbio_research/suisha/Review/Re60/EGAD00001004449/DATA/EGAF00002233040/FGFP16S0346.1.fq.gz,forward
FGFP16S0346,/mnt/microbio_research/suisha/Review/Re60/EGAD00001004449/DATA/EGAF00002233041/FGFP16S0346.2.fq.gz,reverse
FGFP16S0351,/mnt/microbio_research/suisha/Review/Re60/EGAD00001004449/DATA/EGAF00002233192/FGFP16S0351.1.fq.gz,forward
FGFP16S0351,/mnt/microbio_research/suisha/Review/Re60/EGAD00001004449/DATA/EGAF00002233193/FGFP16S0351.2.fq.gz,reverse
FGFP16S0360,/mnt/microbio_research/suisha/Review/Re60/EGAD00001004449/DATA/EGAF00002233210/FGFP16S0360.1.fq.gz,forward
FGFP16S0360,/mnt/microbio_research/suisha/Review/Re60/EGAD00001004449/DATA/EGAF00002233211/FGFP16S0360.2.fq.gz,reverse
FGFP16S0377,/mnt/microbio_research/suisha/Review/Re60/EGAD00001004449/DATA/EGAF00002231264/FGFP16S0377.1.fq.gz,forward
FGFP16S0377,/mnt/microbio_research/suisha/Review/Re60/EGAD00001004449/DATA/EGAF00002231265/FGFP16S0377.2.fq.gz,reverse
FGFP16S0380,/mnt/microbio_research/suisha/Review/Re60/EGAD00001004449/DATA/EGAF00002231270/FGFP16S0380.1.fq.gz,forward
FGFP16S0380,/mnt/microbio_research/suisha/Review/Re60/EGAD00001004449/DATA/EGAF00002231271/FGFP16S0380.2.fq.gz,reverse
FGFP16S0381,/mnt/microbio_research/suisha/Review/Re60/EGAD00001004449/DATA/EGAF00002231272/FGFP16S0381.1.fq.gz,forward
FGFP16S0381,/mnt/microbio_research/suisha/Review/Re60/EGAD00001004449/DATA/EGAF00002231273/FGFP16S0381.2.fq.gz,reverse
FGFP16S0382,/mnt/microbio_research/suisha/Review/Re60/EGAD00001004449/DATA/EGAF00002231274/FGFP16S0382.1.fq.gz,forward
FGFP16S0382,/mnt/microbio_research/suisha/Review/Re60/EGAD00001004449/DATA/EGAF00002231275/FGFP16S0382.2.fq.gz,reverse
FGFP16S0383,/mnt/microbio_research/suisha/Review/Re60/EGAD00001004449/DATA/EGAF00002231372/FGFP16S0383.1.fq.gz,forward
FGFP16S0383,/mnt/microbio_research/suisha/Review/Re60/EGAD00001004449/DATA/EGAF00002231373/FGFP16S0383.2.fq.gz,reverse
FGFP16S0385,/mnt/microbio_research/suisha/Review/Re60/EGAD00001004449/DATA/EGAF00002231376/FGFP16S0385.1.fq.gz,forward
FGFP16S0385,/mnt/microbio_research/suisha/Review/Re60/EGAD00001004449/DATA/EGAF00002231377/FGFP16S0385.2.fq.gz,reverse
FGFP16S0390,/mnt/microbio_research/suisha/Review/Re60/EGAD00001004449/DATA/EGAF00002231386/FGFP16S0390.1.fq.gz,forward
FGFP16S0390,/mnt/microbio_research/suisha/Review/Re60/EGAD00001004449/DATA/EGAF00002231387/FGFP16S0390.2.fq.gz,reverse
FGFP16S0391,/mnt/microbio_research/suisha/Review/Re60/EGAD00001004449/DATA/EGAF00002231388/FGFP16S0391.1.fq.gz,forward
FGFP16S0391,/mnt/microbio_research/suisha/Review/Re60/EGAD00001004449/DATA/EGAF00002231389/FGFP16S0391.2.fq.gz,reverse
FGFP16S0393,/mnt/microbio_research/suisha/Review/Re60/EGAD00001004449/DATA/EGAF00002231392/FGFP16S0393.1.fq.gz,forward
FGFP16S0393,/mnt/microbio_research/suisha/Review/Re60/EGAD00001004449/DATA/EGAF00002231393/FGFP16S0393.2.fq.gz,reverse
FGFP16S0399,/mnt/microbio_research/suisha/Review/Re60/EGAD00001004449/DATA/EGAF00002231500/FGFP16S0399.1.fq.gz,forward
FGFP16S0399,/mnt/microbio_research/suisha/Review/Re60/EGAD00001004449/DATA/EGAF00002231501/FGFP16S0399.2.fq.gz,reverse
FGFP16S0404,/mnt/microbio_research/suisha/Review/Re60/EGAD00001004449/DATA/EGAF00002231510/FGFP16S0404.1.fq.gz,forward
FGFP16S0404,/mnt/microbio_research/suisha/Review/Re60/EGAD00001004449/DATA/EGAF00002231511/FGFP16S0404.2.fq.gz,reverse
FGFP16S0406,/mnt/microbio_research/suisha/Review/Re60/EGAD00001004449/DATA/EGAF00002231514/FGFP16S0406.1.fq.gz,forward
FGFP16S0406,/mnt/microbio_research/suisha/Review/Re60/EGAD00001004449/DATA/EGAF00002231515/FGFP16S0406.2.fq.gz,reverse
FGFP16S0408,/mnt/microbio_research/suisha/Review/Re60/EGAD00001004449/DATA/EGAF00002231518/FGFP16S0408.1.fq.gz,forward
FGFP16S0408,/mnt/microbio_research/suisha/Review/Re60/EGAD00001004449/DATA/EGAF00002231519/FGFP16S0408.2.fq.gz,reverse
FGFP16S0410,/mnt/microbio_research/suisha/Review/Re60/EGAD00001004449/DATA/EGAF00002231586/FGFP16S0410.1.fq.gz,forward
FGFP16S0410,/mnt/microbio_research/suisha/Review/Re60/EGAD00001004449/DATA/EGAF00002231587/FGFP16S0410.2.fq.gz,reverse
FGFP16S0411,/mnt/microbio_research/suisha/Review/Re60/EGAD00001004449/DATA/EGAF00002231588/FGFP16S0411.1.fq.gz,forward
FGFP16S0411,/mnt/microbio_research/suisha/Review/Re60/EGAD00001004449/DATA/EGAF00002231589/FGFP16S0411.2.fq.gz,reverse
FGFP16S0417,/mnt/microbio_research/suisha/Review/Re60/EGAD00001004449/DATA/EGAF00002231600/FGFP16S0417.1.fq.gz,forward
FGFP16S0417,/mnt/microbio_research/suisha/Review/Re60/EGAD00001004449/DATA/EGAF00002231601/FGFP16S0417.2.fq.gz,reverse
FGFP16S0419,/mnt/microbio_research/suisha/Review/Re60/EGAD00001004449/DATA/EGAF00002231604/FGFP16S0419.1.fq.gz,forward
FGFP16S0419,/mnt/microbio_research/suisha/Review/Re60/EGAD00001004449/DATA/EGAF00002231605/FGFP16S0419.2.fq.gz,reverse
FGFP16S0420,/mnt/microbio_research/suisha/Review/Re60/EGAD00001004449/DATA/EGAF00002231606/FGFP16S0420.1.fq.gz,forward
FGFP16S0420,/mnt/microbio_research/suisha/Review/Re60/EGAD00001004449/DATA/EGAF00002231607/FGFP16S0420.2.fq.gz,reverse
FGFP16S0421,/mnt/microbio_research/suisha/Review/Re60/EGAD00001004449/DATA/EGAF00002231608/FGFP16S0421.1.fq.gz,forward
FGFP16S0421,/mnt/microbio_research/suisha/Review/Re60/EGAD00001004449/DATA/EGAF00002231609/FGFP16S0421.2.fq.gz,reverse
FGFP16S0422,/mnt/microbio_research/suisha/Review/Re60/EGAD00001004449/DATA/EGAF00002231610/FGFP16S0422.1.fq.gz,forward
FGFP16S0422,/mnt/microbio_research/suisha/Review/Re60/EGAD00001004449/DATA/EGAF00002231611/FGFP16S0422.2.fq.gz,reverse
FGFP16S0430,/mnt/microbio_research/suisha/Review/Re60/EGAD00001004449/DATA/EGAF00002231690/FGFP16S0430.1.fq.gz,forward
FGFP16S0430,/mnt/microbio_research/suisha/Review/Re60/EGAD00001004449/DATA/EGAF00002231691/FGFP16S0430.2.fq.gz,reverse
FGFP16S0432,/mnt/microbio_research/suisha/Review/Re60/EGAD00001004449/DATA/EGAF00002231694/FGFP16S0432.1.fq.gz,forward
FGFP16S0432,/mnt/microbio_research/suisha/Review/Re60/EGAD00001004449/DATA/EGAF00002231695/FGFP16S0432.2.fq.gz,reverse
FGFP16S0435,/mnt/microbio_research/suisha/Review/Re60/EGAD00001004449/DATA/EGAF00002231700/FGFP16S0435.1.fq.gz,forward
FGFP16S0435,/mnt/microbio_research/suisha/Review/Re60/EGAD00001004449/DATA/EGAF00002231701/FGFP16S0435.2.fq.gz,reverse
FGFP16S0436,/mnt/microbio_research/suisha/Review/Re60/EGAD00001004449/DATA/EGAF00002231702/FGFP16S0436.1.fq.gz,forward
FGFP16S0436,/mnt/microbio_research/suisha/Review/Re60/EGAD00001004449/DATA/EGAF00002231703/FGFP16S0436.2.fq.gz,reverse
FGFP16S0440,/mnt/microbio_research/suisha/Review/Re60/EGAD00001004449/DATA/EGAF00002231710/FGFP16S0440.1.fq.gz,forward
FGFP16S0440,/mnt/microbio_research/suisha/Review/Re60/EGAD00001004449/DATA/EGAF00002231711/FGFP16S0440.2.fq.gz,reverse
FGFP16S0443,/mnt/microbio_research/suisha/Review/Re60/EGAD00001004449/DATA/EGAF00002231780/FGFP16S0443.1.fq.gz,forward
FGFP16S0443,/mnt/microbio_research/suisha/Review/Re60/EGAD00001004449/DATA/EGAF00002231781/FGFP16S0443.2.fq.gz,reverse
FGFP16S0444,/mnt/microbio_research/suisha/Review/Re60/EGAD00001004449/DATA/EGAF00002231782/FGFP16S0444.1.fq.gz,forward
FGFP16S0444,/mnt/microbio_research/suisha/Review/Re60/EGAD00001004449/DATA/EGAF00002231783/FGFP16S0444.2.fq.gz,reverse
FGFP16S0451,/mnt/microbio_research/suisha/Review/Re60/EGAD00001004449/DATA/EGAF00002231796/FGFP16S0451.1.fq.gz,forward
FGFP16S0451,/mnt/microbio_research/suisha/Review/Re60/EGAD00001004449/DATA/EGAF00002231797/FGFP16S0451.2.fq.gz,reverse
FGFP16S0458,/mnt/microbio_research/suisha/Review/Re60/EGAD00001004449/DATA/EGAF00002231904/FGFP16S0458.1.fq.gz,forward
FGFP16S0458,/mnt/microbio_research/suisha/Review/Re60/EGAD00001004449/DATA/EGAF00002231905/FGFP16S0458.2.fq.gz,reverse
FGFP16S0463,/mnt/microbio_research/suisha/Review/Re60/EGAD00001004449/DATA/EGAF00002231914/FGFP16S0463.1.fq.gz,forward
FGFP16S0463,/mnt/microbio_research/suisha/Review/Re60/EGAD00001004449/DATA/EGAF00002231915/FGFP16S0463.2.fq.gz,reverse
FGFP16S0477,/mnt/microbio_research/suisha/Review/Re60/EGAD00001004449/DATA/EGAF00002232038/FGFP16S0477.1.fq.gz,forward
FGFP16S0477,/mnt/microbio_research/suisha/Review/Re60/EGAD00001004449/DATA/EGAF00002232039/FGFP16S0477.2.fq.gz,reverse
FGFP16S0478,/mnt/microbio_research/suisha/Review/Re60/EGAD00001004449/DATA/EGAF00002232040/FGFP16S0478.1.fq.gz,forward
FGFP16S0478,/mnt/microbio_research/suisha/Review/Re60/EGAD00001004449/DATA/EGAF00002232041/FGFP16S0478.2.fq.gz,reverse
FGFP16S0481,/mnt/microbio_research/suisha/Review/Re60/EGAD00001004449/DATA/EGAF00002232046/FGFP16S0481.1.fq.gz,forward
FGFP16S0481,/mnt/microbio_research/suisha/Review/Re60/EGAD00001004449/DATA/EGAF00002232047/FGFP16S0481.2.fq.gz,reverse
FGFP16S0483,/mnt/microbio_research/suisha/Review/Re60/EGAD00001004449/DATA/EGAF00002232050/FGFP16S0483.1.fq.gz,forward
FGFP16S0483,/mnt/microbio_research/suisha/Review/Re60/EGAD00001004449/DATA/EGAF00002232051/FGFP16S0483.2.fq.gz,reverse
FGFP16S0489,/mnt/microbio_research/suisha/Review/Re60/EGAD00001004449/DATA/EGAF00002232158/FGFP16S0489.1.fq.gz,forward
FGFP16S0489,/mnt/microbio_research/suisha/Review/Re60/EGAD00001004449/DATA/EGAF00002232159/FGFP16S0489.2.fq.gz,reverse
FGFP16S0491,/mnt/microbio_research/suisha/Review/Re60/EGAD00001004449/DATA/EGAF00002232162/FGFP16S0491.1.fq.gz,forward
FGFP16S0491,/mnt/microbio_research/suisha/Review/Re60/EGAD00001004449/DATA/EGAF00002232163/FGFP16S0491.2.fq.gz,reverse
FGFP16S0501,/mnt/microbio_research/suisha/Review/Re60/EGAD00001004449/DATA/EGAF00002232182/FGFP16S0501.1.fq.gz,forward
FGFP16S0501,/mnt/microbio_research/suisha/Review/Re60/EGAD00001004449/DATA/EGAF00002232183/FGFP16S0501.2.fq.gz,reverse
FGFP16S0505,/mnt/microbio_research/suisha/Review/Re60/EGAD00001004449/DATA/EGAF00002232286/FGFP16S0505.1.fq.gz,forward
FGFP16S0505,/mnt/microbio_research/suisha/Review/Re60/EGAD00001004449/DATA/EGAF00002232287/FGFP16S0505.2.fq.gz,reverse
FGFP16S0509,/mnt/microbio_research/suisha/Review/Re60/EGAD00001004449/DATA/EGAF00002232294/FGFP16S0509.1.fq.gz,forward
FGFP16S0509,/mnt/microbio_research/suisha/Review/Re60/EGAD00001004449/DATA/EGAF00002232295/FGFP16S0509.2.fq.gz,reverse
FGFP16S0510,/mnt/microbio_research/suisha/Review/Re60/EGAD00001004449/DATA/EGAF00002232296/FGFP16S0510.1.fq.gz,forward
FGFP16S0510,/mnt/microbio_research/suisha/Review/Re60/EGAD00001004449/DATA/EGAF00002232297/FGFP16S0510.2.fq.gz,reverse
FGFP16S0520,/mnt/microbio_research/suisha/Review/Re60/EGAD00001004449/DATA/EGAF00002232316/FGFP16S0520.1.fq.gz,forward
FGFP16S0520,/mnt/microbio_research/suisha/Review/Re60/EGAD00001004449/DATA/EGAF00002232317/FGFP16S0520.2.fq.gz,reverse
FGFP16S0529,/mnt/microbio_research/suisha/Review/Re60/EGAD00001004449/DATA/EGAF00002232430/FGFP16S0529.1.fq.gz,forward
FGFP16S0529,/mnt/microbio_research/suisha/Review/Re60/EGAD00001004449/DATA/EGAF00002232431/FGFP16S0529.2.fq.gz,reverse
FGFP16S0540,/mnt/microbio_research/suisha/Review/Re60/EGAD00001004449/DATA/EGAF00002232566/FGFP16S0540.1.fq.gz,forward
FGFP16S0540,/mnt/microbio_research/suisha/Review/Re60/EGAD00001004449/DATA/EGAF00002232567/FGFP16S0540.2.fq.gz,reverse
FGFP16S0553,/mnt/microbio_research/suisha/Review/Re60/EGAD00001004449/DATA/EGAF00002232720/FGFP16S0553.1.fq.gz,forward
FGFP16S0553,/mnt/microbio_research/suisha/Review/Re60/EGAD00001004449/DATA/EGAF00002232721/FGFP16S0553.2.fq.gz,reverse
FGFP16S0568,/mnt/microbio_research/suisha/Review/Re60/EGAD00001004449/DATA/EGAF00002232750/FGFP16S0568.1.fq.gz,forward
FGFP16S0568,/mnt/microbio_research/suisha/Review/Re60/EGAD00001004449/DATA/EGAF00002232751/FGFP16S0568.2.fq.gz,reverse
FGFP16S0570,/mnt/microbio_research/suisha/Review/Re60/EGAD00001004449/DATA/EGAF00002232882/FGFP16S0570.1.fq.gz,forward
FGFP16S0570,/mnt/microbio_research/suisha/Review/Re60/EGAD00001004449/DATA/EGAF00002232883/FGFP16S0570.2.fq.gz,reverse
FGFP16S0571,/mnt/microbio_research/suisha/Review/Re60/EGAD00001004449/DATA/EGAF00002232884/FGFP16S0571.1.fq.gz,forward
FGFP16S0571,/mnt/microbio_research/suisha/Review/Re60/EGAD00001004449/DATA/EGAF00002232885/FGFP16S0571.2.fq.gz,reverse
FGFP16S0572,/mnt/microbio_research/suisha/Review/Re60/EGAD00001004449/DATA/EGAF00002232886/FGFP16S0572.1.fq.gz,forward
FGFP16S0572,/mnt/microbio_research/suisha/Review/Re60/EGAD00001004449/DATA/EGAF00002232887/FGFP16S0572.2.fq.gz,reverse
FGFP16S0573,/mnt/microbio_research/suisha/Review/Re60/EGAD00001004449/DATA/EGAF00002232888/FGFP16S0573.1.fq.gz,forward
FGFP16S0573,/mnt/microbio_research/suisha/Review/Re60/EGAD00001004449/DATA/EGAF00002232889/FGFP16S0573.2.fq.gz,reverse
FGFP16S0584,/mnt/microbio_research/suisha/Review/Re60/EGAD00001004449/DATA/EGAF00002232910/FGFP16S0584.1.fq.gz,forward
FGFP16S0584,/mnt/microbio_research/suisha/Review/Re60/EGAD00001004449/DATA/EGAF00002232911/FGFP16S0584.2.fq.gz,reverse
FGFP16S0588,/mnt/microbio_research/suisha/Review/Re60/EGAD00001004449/DATA/EGAF00002233056/FGFP16S0588.1.fq.gz,forward
FGFP16S0588,/mnt/microbio_research/suisha/Review/Re60/EGAD00001004449/DATA/EGAF00002233057/FGFP16S0588.2.fq.gz,reverse
FGFP16S0593,/mnt/microbio_research/suisha/Review/Re60/EGAD00001004449/DATA/EGAF00002233066/FGFP16S0593.1.fq.gz,forward
FGFP16S0593,/mnt/microbio_research/suisha/Review/Re60/EGAD00001004449/DATA/EGAF00002233067/FGFP16S0593.2.fq.gz,reverse
FGFP16S0598,/mnt/microbio_research/suisha/Review/Re60/EGAD00001004449/DATA/EGAF00002233076/FGFP16S0598.1.fq.gz,forward
FGFP16S0598,/mnt/microbio_research/suisha/Review/Re60/EGAD00001004449/DATA/EGAF00002233077/FGFP16S0598.2.fq.gz,reverse
FGFP16S0605,/mnt/microbio_research/suisha/Review/Re60/EGAD00001004449/DATA/EGAF00002233232/FGFP16S0605.1.fq.gz,forward
FGFP16S0605,/mnt/microbio_research/suisha/Review/Re60/EGAD00001004449/DATA/EGAF00002233233/FGFP16S0605.2.fq.gz,reverse
FGFP16S0606,/mnt/microbio_research/suisha/Review/Re60/EGAD00001004449/DATA/EGAF00002233234/FGFP16S0606.1.fq.gz,forward
FGFP16S0606,/mnt/microbio_research/suisha/Review/Re60/EGAD00001004449/DATA/EGAF00002233235/FGFP16S0606.2.fq.gz,reverse
FGFP16S0610,/mnt/microbio_research/suisha/Review/Re60/EGAD00001004449/DATA/EGAF00002233242/FGFP16S0610.1.fq.gz,forward
FGFP16S0610,/mnt/microbio_research/suisha/Review/Re60/EGAD00001004449/DATA/EGAF00002233243/FGFP16S0610.2.fq.gz,reverse
FGFP16S0615,/mnt/microbio_research/suisha/Review/Re60/EGAD00001004449/DATA/EGAF00002233252/FGFP16S0615.1.fq.gz,forward
FGFP16S0615,/mnt/microbio_research/suisha/Review/Re60/EGAD00001004449/DATA/EGAF00002233253/FGFP16S0615.2.fq.gz,reverse
FGFP16S0619,/mnt/microbio_research/suisha/Review/Re60/EGAD00001004449/DATA/EGAF00002231280/FGFP16S0619.1.fq.gz,forward
FGFP16S0619,/mnt/microbio_research/suisha/Review/Re60/EGAD00001004449/DATA/EGAF00002231281/FGFP16S0619.2.fq.gz,reverse
FGFP16S0621,/mnt/microbio_research/suisha/Review/Re60/EGAD00001004449/DATA/EGAF00002231284/FGFP16S0621.1.fq.gz,forward
FGFP16S0621,/mnt/microbio_research/suisha/Review/Re60/EGAD00001004449/DATA/EGAF00002231285/FGFP16S0621.2.fq.gz,reverse
FGFP16S0625,/mnt/microbio_research/suisha/Review/Re60/EGAD00001004449/DATA/EGAF00002231292/FGFP16S0625.1.fq.gz,forward
FGFP16S0625,/mnt/microbio_research/suisha/Review/Re60/EGAD00001004449/DATA/EGAF00002231293/FGFP16S0625.2.fq.gz,reverse
FGFP16S0632,/mnt/microbio_research/suisha/Review/Re60/EGAD00001004449/DATA/EGAF00002231306/FGFP16S0632.1.fq.gz,forward
FGFP16S0632,/mnt/microbio_research/suisha/Review/Re60/EGAD00001004449/DATA/EGAF00002231307/FGFP16S0632.2.fq.gz,reverse
FGFP16S0637,/mnt/microbio_research/suisha/Review/Re60/EGAD00001004449/DATA/EGAF00002231402/FGFP16S0637.1.fq.gz,forward
FGFP16S0637,/mnt/microbio_research/suisha/Review/Re60/EGAD00001004449/DATA/EGAF00002231403/FGFP16S0637.2.fq.gz,reverse
FGFP16S0638,/mnt/microbio_research/suisha/Review/Re60/EGAD00001004449/DATA/EGAF00002231404/FGFP16S0638.1.fq.gz,forward
FGFP16S0638,/mnt/microbio_research/suisha/Review/Re60/EGAD00001004449/DATA/EGAF00002231405/FGFP16S0638.2.fq.gz,reverse
FGFP16S0642,/mnt/microbio_research/suisha/Review/Re60/EGAD00001004449/DATA/EGAF00002231412/FGFP16S0642.1.fq.gz,forward
FGFP16S0642,/mnt/microbio_research/suisha/Review/Re60/EGAD00001004449/DATA/EGAF00002231413/FGFP16S0642.2.fq.gz,reverse
FGFP16S0647,/mnt/microbio_research/suisha/Review/Re60/EGAD00001004449/DATA/EGAF00002231422/FGFP16S0647.1.fq.gz,forward
FGFP16S0647,/mnt/microbio_research/suisha/Review/Re60/EGAD00001004449/DATA/EGAF00002231423/FGFP16S0647.2.fq.gz,reverse
FGFP16S0648,/mnt/microbio_research/suisha/Review/Re60/EGAD00001004449/DATA/EGAF00002231424/FGFP16S0648.1.fq.gz,forward
FGFP16S0648,/mnt/microbio_research/suisha/Review/Re60/EGAD00001004449/DATA/EGAF00002231425/FGFP16S0648.2.fq.gz,reverse
FGFP16S0651,/mnt/microbio_research/suisha/Review/Re60/EGAD00001004449/DATA/EGAF00002231812/FGFP16S0651.1.fq.gz,forward
FGFP16S0651,/mnt/microbio_research/suisha/Review/Re60/EGAD00001004449/DATA/EGAF00002231813/FGFP16S0651.2.fq.gz,reverse
FGFP16S0656,/mnt/microbio_research/suisha/Review/Re60/EGAD00001004449/DATA/EGAF00002231822/FGFP16S0656.1.fq.gz,forward
FGFP16S0656,/mnt/microbio_research/suisha/Review/Re60/EGAD00001004449/DATA/EGAF00002231823/FGFP16S0656.2.fq.gz,reverse
FGFP16S0660,/mnt/microbio_research/suisha/Review/Re60/EGAD00001004449/DATA/EGAF00002231830/FGFP16S0660.1.fq.gz,forward
FGFP16S0660,/mnt/microbio_research/suisha/Review/Re60/EGAD00001004449/DATA/EGAF00002231831/FGFP16S0660.2.fq.gz,reverse
FGFP16S0662,/mnt/microbio_research/suisha/Review/Re60/EGAD00001004449/DATA/EGAF00002231834/FGFP16S0662.1.fq.gz,forward
FGFP16S0662,/mnt/microbio_research/suisha/Review/Re60/EGAD00001004449/DATA/EGAF00002231835/FGFP16S0662.2.fq.gz,reverse
FGFP16S0668,/mnt/microbio_research/suisha/Review/Re60/EGAD00001004449/DATA/EGAF00002231942/FGFP16S0668.1.fq.gz,forward
FGFP16S0668,/mnt/microbio_research/suisha/Review/Re60/EGAD00001004449/DATA/EGAF00002231943/FGFP16S0668.2.fq.gz,reverse
FGFP16S0669,/mnt/microbio_research/suisha/Review/Re60/EGAD00001004449/DATA/EGAF00002231944/FGFP16S0669.1.fq.gz,forward
FGFP16S0669,/mnt/microbio_research/suisha/Review/Re60/EGAD00001004449/DATA/EGAF00002231945/FGFP16S0669.2.fq.gz,reverse
FGFP16S0670,/mnt/microbio_research/suisha/Review/Re60/EGAD00001004449/DATA/EGAF00002231946/FGFP16S0670.1.fq.gz,forward
FGFP16S0670,/mnt/microbio_research/suisha/Review/Re60/EGAD00001004449/DATA/EGAF00002231947/FGFP16S0670.2.fq.gz,reverse
FGFP16S0676,/mnt/microbio_research/suisha/Review/Re60/EGAD00001004449/DATA/EGAF00002231958/FGFP16S0676.1.fq.gz,forward
FGFP16S0676,/mnt/microbio_research/suisha/Review/Re60/EGAD00001004449/DATA/EGAF00002231959/FGFP16S0676.2.fq.gz,reverse
FGFP16S0680,/mnt/microbio_research/suisha/Review/Re60/EGAD00001004449/DATA/EGAF00002232062/FGFP16S0680.1.fq.gz,forward
FGFP16S0680,/mnt/microbio_research/suisha/Review/Re60/EGAD00001004449/DATA/EGAF00002232063/FGFP16S0680.2.fq.gz,reverse
FGFP16S0681,/mnt/microbio_research/suisha/Review/Re60/EGAD00001004449/DATA/EGAF00002232064/FGFP16S0681.1.fq.gz,forward
FGFP16S0681,/mnt/microbio_research/suisha/Review/Re60/EGAD00001004449/DATA/EGAF00002232065/FGFP16S0681.2.fq.gz,reverse
FGFP16S0682,/mnt/microbio_research/suisha/Review/Re60/EGAD00001004449/DATA/EGAF00002232066/FGFP16S0682.1.fq.gz,forward
FGFP16S0682,/mnt/microbio_research/suisha/Review/Re60/EGAD00001004449/DATA/EGAF00002232067/FGFP16S0682.2.fq.gz,reverse
FGFP16S0688,/mnt/microbio_research/suisha/Review/Re60/EGAD00001004449/DATA/EGAF00002232078/FGFP16S0688.1.fq.gz,forward
FGFP16S0688,/mnt/microbio_research/suisha/Review/Re60/EGAD00001004449/DATA/EGAF00002232079/FGFP16S0688.2.fq.gz,reverse
FGFP16S0694,/mnt/microbio_research/suisha/Review/Re60/EGAD00001004449/DATA/EGAF00002232090/FGFP16S0694.1.fq.gz,forward
FGFP16S0694,/mnt/microbio_research/suisha/Review/Re60/EGAD00001004449/DATA/EGAF00002232091/FGFP16S0694.2.fq.gz,reverse
FGFP16S0695,/mnt/microbio_research/suisha/Review/Re60/EGAD00001004449/DATA/EGAF00002232092/FGFP16S0695.1.fq.gz,forward
FGFP16S0695,/mnt/microbio_research/suisha/Review/Re60/EGAD00001004449/DATA/EGAF00002232093/FGFP16S0695.2.fq.gz,reverse
FGFP16S0701,/mnt/microbio_research/suisha/Review/Re60/EGAD00001004449/DATA/EGAF00002232200/FGFP16S0701.1.fq.gz,forward
FGFP16S0701,/mnt/microbio_research/suisha/Review/Re60/EGAD00001004449/DATA/EGAF00002232201/FGFP16S0701.2.fq.gz,reverse
FGFP16S0709,/mnt/microbio_research/suisha/Review/Re60/EGAD00001004449/DATA/EGAF00002232216/FGFP16S0709.1.fq.gz,forward
FGFP16S0709,/mnt/microbio_research/suisha/Review/Re60/EGAD00001004449/DATA/EGAF00002232217/FGFP16S0709.2.fq.gz,reverse
FGFP16S0711,/mnt/microbio_research/suisha/Review/Re60/EGAD00001004449/DATA/EGAF00002232220/FGFP16S0711.1.fq.gz,forward
FGFP16S0711,/mnt/microbio_research/suisha/Review/Re60/EGAD00001004449/DATA/EGAF00002232221/FGFP16S0711.2.fq.gz,reverse
FGFP16S0713,/mnt/microbio_research/suisha/Review/Re60/EGAD00001004449/DATA/EGAF00002232320/FGFP16S0713.1.fq.gz,forward
FGFP16S0713,/mnt/microbio_research/suisha/Review/Re60/EGAD00001004449/DATA/EGAF00002232321/FGFP16S0713.2.fq.gz,reverse
FGFP16S0719,/mnt/microbio_research/suisha/Review/Re60/EGAD00001004449/DATA/EGAF00002232332/FGFP16S0719.1.fq.gz,forward
FGFP16S0719,/mnt/microbio_research/suisha/Review/Re60/EGAD00001004449/DATA/EGAF00002232333/FGFP16S0719.2.fq.gz,reverse
FGFP16S0725,/mnt/microbio_research/suisha/Review/Re60/EGAD00001004449/DATA/EGAF00002232344/FGFP16S0725.1.fq.gz,forward
FGFP16S0725,/mnt/microbio_research/suisha/Review/Re60/EGAD00001004449/DATA/EGAF00002232345/FGFP16S0725.2.fq.gz,reverse
FGFP16S0726,/mnt/microbio_research/suisha/Review/Re60/EGAD00001004449/DATA/EGAF00002232346/FGFP16S0726.1.fq.gz,forward
FGFP16S0726,/mnt/microbio_research/suisha/Review/Re60/EGAD00001004449/DATA/EGAF00002232347/FGFP16S0726.2.fq.gz,reverse
FGFP16S0727,/mnt/microbio_research/suisha/Review/Re60/EGAD00001004449/DATA/EGAF00002232348/FGFP16S0727.1.fq.gz,forward
FGFP16S0727,/mnt/microbio_research/suisha/Review/Re60/EGAD00001004449/DATA/EGAF00002232349/FGFP16S0727.2.fq.gz,reverse
FGFP16S0731,/mnt/microbio_research/suisha/Review/Re60/EGAD00001004449/DATA/EGAF00002232452/FGFP16S0731.1.fq.gz,forward
FGFP16S0731,/mnt/microbio_research/suisha/Review/Re60/EGAD00001004449/DATA/EGAF00002232453/FGFP16S0731.2.fq.gz,reverse
FGFP16S0737,/mnt/microbio_research/suisha/Review/Re60/EGAD00001004449/DATA/EGAF00002232464/FGFP16S0737.1.fq.gz,forward
FGFP16S0737,/mnt/microbio_research/suisha/Review/Re60/EGAD00001004449/DATA/EGAF00002232465/FGFP16S0737.2.fq.gz,reverse
FGFP16S0749,/mnt/microbio_research/suisha/Review/Re60/EGAD00001004449/DATA/EGAF00002232602/FGFP16S0749.1.fq.gz,forward
FGFP16S0749,/mnt/microbio_research/suisha/Review/Re60/EGAD00001004449/DATA/EGAF00002232603/FGFP16S0749.2.fq.gz,reverse
FGFP16S0752,/mnt/microbio_research/suisha/Review/Re60/EGAD00001004449/DATA/EGAF00002232608/FGFP16S0752.1.fq.gz,forward
FGFP16S0752,/mnt/microbio_research/suisha/Review/Re60/EGAD00001004449/DATA/EGAF00002232609/FGFP16S0752.2.fq.gz,reverse
FGFP16S0757,/mnt/microbio_research/suisha/Review/Re60/EGAD00001004449/DATA/EGAF00002232618/FGFP16S0757.1.fq.gz,forward
FGFP16S0757,/mnt/microbio_research/suisha/Review/Re60/EGAD00001004449/DATA/EGAF00002232619/FGFP16S0757.2.fq.gz,reverse
FGFP16S0759,/mnt/microbio_research/suisha/Review/Re60/EGAD00001004449/DATA/EGAF00002232622/FGFP16S0759.1.fq.gz,forward
FGFP16S0759,/mnt/microbio_research/suisha/Review/Re60/EGAD00001004449/DATA/EGAF00002232623/FGFP16S0759.2.fq.gz,reverse
FGFP16S0764,/mnt/microbio_research/suisha/Review/Re60/EGAD00001004449/DATA/EGAF00002232760/FGFP16S0764.1.fq.gz,forward
FGFP16S0764,/mnt/microbio_research/suisha/Review/Re60/EGAD00001004449/DATA/EGAF00002232761/FGFP16S0764.2.fq.gz,reverse
FGFP16S0773,/mnt/microbio_research/suisha/Review/Re60/EGAD00001004449/DATA/EGAF00002232778/FGFP16S0773.1.fq.gz,forward
FGFP16S0773,/mnt/microbio_research/suisha/Review/Re60/EGAD00001004449/DATA/EGAF00002232779/FGFP16S0773.2.fq.gz,reverse
FGFP16S0780,/mnt/microbio_research/suisha/Review/Re60/EGAD00001004449/DATA/EGAF00002232920/FGFP16S0780.1.fq.gz,forward
FGFP16S0780,/mnt/microbio_research/suisha/Review/Re60/EGAD00001004449/DATA/EGAF00002232921/FGFP16S0780.2.fq.gz,reverse
FGFP16S0790,/mnt/microbio_research/suisha/Review/Re60/EGAD00001004449/DATA/EGAF00002232940/FGFP16S0790.1.fq.gz,forward
FGFP16S0790,/mnt/microbio_research/suisha/Review/Re60/EGAD00001004449/DATA/EGAF00002232941/FGFP16S0790.2.fq.gz,reverse
FGFP16S0793,/mnt/microbio_research/suisha/Review/Re60/EGAD00001004449/DATA/EGAF00002233084/FGFP16S0793.1.fq.gz,forward
FGFP16S0793,/mnt/microbio_research/suisha/Review/Re60/EGAD00001004449/DATA/EGAF00002233085/FGFP16S0793.2.fq.gz,reverse
FGFP16S0794,/mnt/microbio_research/suisha/Review/Re60/EGAD00001004449/DATA/EGAF00002233086/FGFP16S0794.1.fq.gz,forward
FGFP16S0794,/mnt/microbio_research/suisha/Review/Re60/EGAD00001004449/DATA/EGAF00002233087/FGFP16S0794.2.fq.gz,reverse
FGFP16S0796,/mnt/microbio_research/suisha/Review/Re60/EGAD00001004449/DATA/EGAF00002233090/FGFP16S0796.1.fq.gz,forward
FGFP16S0796,/mnt/microbio_research/suisha/Review/Re60/EGAD00001004449/DATA/EGAF00002233091/FGFP16S0796.2.fq.gz,reverse
FGFP16S0807,/mnt/microbio_research/suisha/Review/Re60/EGAD00001004449/DATA/EGAF00002233112/FGFP16S0807.1.fq.gz,forward
FGFP16S0807,/mnt/microbio_research/suisha/Review/Re60/EGAD00001004449/DATA/EGAF00002233113/FGFP16S0807.2.fq.gz,reverse
FGFP16S0812,/mnt/microbio_research/suisha/Review/Re60/EGAD00001004449/DATA/EGAF00002233264/FGFP16S0812.1.fq.gz,forward
FGFP16S0812,/mnt/microbio_research/suisha/Review/Re60/EGAD00001004449/DATA/EGAF00002233265/FGFP16S0812.2.fq.gz,reverse
FGFP16S0814,/mnt/microbio_research/suisha/Review/Re60/EGAD00001004449/DATA/EGAF00002233268/FGFP16S0814.1.fq.gz,forward
FGFP16S0814,/mnt/microbio_research/suisha/Review/Re60/EGAD00001004449/DATA/EGAF00002233269/FGFP16S0814.2.fq.gz,reverse
FGFP16S0817,/mnt/microbio_research/suisha/Review/Re60/EGAD00001004449/DATA/EGAF00002233274/FGFP16S0817.1.fq.gz,forward
FGFP16S0817,/mnt/microbio_research/suisha/Review/Re60/EGAD00001004449/DATA/EGAF00002233275/FGFP16S0817.2.fq.gz,reverse
FGFP16S0818,/mnt/microbio_research/suisha/Review/Re60/EGAD00001004449/DATA/EGAF00002233276/FGFP16S0818.1.fq.gz,forward
FGFP16S0818,/mnt/microbio_research/suisha/Review/Re60/EGAD00001004449/DATA/EGAF00002233277/FGFP16S0818.2.fq.gz,reverse
FGFP16S0819,/mnt/microbio_research/suisha/Review/Re60/EGAD00001004449/DATA/EGAF00002233278/FGFP16S0819.1.fq.gz,forward
FGFP16S0819,/mnt/microbio_research/suisha/Review/Re60/EGAD00001004449/DATA/EGAF00002233279/FGFP16S0819.2.fq.gz,reverse
FGFP16S0822,/mnt/microbio_research/suisha/Review/Re60/EGAD00001004449/DATA/EGAF00002233284/FGFP16S0822.1.fq.gz,forward
FGFP16S0822,/mnt/microbio_research/suisha/Review/Re60/EGAD00001004449/DATA/EGAF00002233285/FGFP16S0822.2.fq.gz,reverse
FGFP16S0826,/mnt/microbio_research/suisha/Review/Re60/EGAD00001004449/DATA/EGAF00002231312/FGFP16S0826.1.fq.gz,forward
FGFP16S0826,/mnt/microbio_research/suisha/Review/Re60/EGAD00001004449/DATA/EGAF00002231313/FGFP16S0826.2.fq.gz,reverse
FGFP16S0827,/mnt/microbio_research/suisha/Review/Re60/EGAD00001004449/DATA/EGAF00002231314/FGFP16S0827.1.fq.gz,forward
FGFP16S0827,/mnt/microbio_research/suisha/Review/Re60/EGAD00001004449/DATA/EGAF00002231315/FGFP16S0827.2.fq.gz,reverse
FGFP16S0828,/mnt/microbio_research/suisha/Review/Re60/EGAD00001004449/DATA/EGAF00002231316/FGFP16S0828.1.fq.gz,forward
FGFP16S0828,/mnt/microbio_research/suisha/Review/Re60/EGAD00001004449/DATA/EGAF00002231317/FGFP16S0828.2.fq.gz,reverse
FGFP16S0836,/mnt/microbio_research/suisha/Review/Re60/EGAD00001004449/DATA/EGAF00002231332/FGFP16S0836.1.fq.gz,forward
FGFP16S0836,/mnt/microbio_research/suisha/Review/Re60/EGAD00001004449/DATA/EGAF00002231333/FGFP16S0836.2.fq.gz,reverse
FGFP16S0841,/mnt/microbio_research/suisha/Review/Re60/EGAD00001004449/DATA/EGAF00002231428/FGFP16S0841.1.fq.gz,forward
FGFP16S0841,/mnt/microbio_research/suisha/Review/Re60/EGAD00001004449/DATA/EGAF00002231429/FGFP16S0841.2.fq.gz,reverse
FGFP16S0845,/mnt/microbio_research/suisha/Review/Re60/EGAD00001004449/DATA/EGAF00002231436/FGFP16S0845.1.fq.gz,forward
FGFP16S0845,/mnt/microbio_research/suisha/Review/Re60/EGAD00001004449/DATA/EGAF00002231437/FGFP16S0845.2.fq.gz,reverse
FGFP16S0848,/mnt/microbio_research/suisha/Review/Re60/EGAD00001004449/DATA/EGAF00002231442/FGFP16S0848.1.fq.gz,forward
FGFP16S0848,/mnt/microbio_research/suisha/Review/Re60/EGAD00001004449/DATA/EGAF00002231443/FGFP16S0848.2.fq.gz,reverse
FGFP16S0857,/mnt/microbio_research/suisha/Review/Re60/EGAD00001004449/DATA/EGAF00002231524/FGFP16S0857.1.fq.gz,forward
FGFP16S0857,/mnt/microbio_research/suisha/Review/Re60/EGAD00001004449/DATA/EGAF00002231525/FGFP16S0857.2.fq.gz,reverse
FGFP16S0862,/mnt/microbio_research/suisha/Review/Re60/EGAD00001004449/DATA/EGAF00002231534/FGFP16S0862.1.fq.gz,forward
FGFP16S0862,/mnt/microbio_research/suisha/Review/Re60/EGAD00001004449/DATA/EGAF00002231535/FGFP16S0862.2.fq.gz,reverse
FGFP16S0865,/mnt/microbio_research/suisha/Review/Re60/EGAD00001004449/DATA/EGAF00002231540/FGFP16S0865.1.fq.gz,forward
FGFP16S0865,/mnt/microbio_research/suisha/Review/Re60/EGAD00001004449/DATA/EGAF00002231541/FGFP16S0865.2.fq.gz,reverse
FGFP16S0869,/mnt/microbio_research/suisha/Review/Re60/EGAD00001004449/DATA/EGAF00002231548/FGFP16S0869.1.fq.gz,forward
FGFP16S0869,/mnt/microbio_research/suisha/Review/Re60/EGAD00001004449/DATA/EGAF00002231549/FGFP16S0869.2.fq.gz,reverse
FGFP16S0870,/mnt/microbio_research/suisha/Review/Re60/EGAD00001004449/DATA/EGAF00002231550/FGFP16S0870.1.fq.gz,forward
FGFP16S0870,/mnt/microbio_research/suisha/Review/Re60/EGAD00001004449/DATA/EGAF00002231551/FGFP16S0870.2.fq.gz,reverse
FGFP16S0873,/mnt/microbio_research/suisha/Review/Re60/EGAD00001004449/DATA/EGAF00002231618/FGFP16S0873.1.fq.gz,forward
FGFP16S0873,/mnt/microbio_research/suisha/Review/Re60/EGAD00001004449/DATA/EGAF00002231619/FGFP16S0873.2.fq.gz,reverse
FGFP16S0875,/mnt/microbio_research/suisha/Review/Re60/EGAD00001004449/DATA/EGAF00002231622/FGFP16S0875.1.fq.gz,forward
FGFP16S0875,/mnt/microbio_research/suisha/Review/Re60/EGAD00001004449/DATA/EGAF00002231623/FGFP16S0875.2.fq.gz,reverse
FGFP16S0879,/mnt/microbio_research/suisha/Review/Re60/EGAD00001004449/DATA/EGAF00002231630/FGFP16S0879.1.fq.gz,forward
FGFP16S0879,/mnt/microbio_research/suisha/Review/Re60/EGAD00001004449/DATA/EGAF00002231631/FGFP16S0879.2.fq.gz,reverse
FGFP16S0881,/mnt/microbio_research/suisha/Review/Re60/EGAD00001004449/DATA/EGAF00002231634/FGFP16S0881.1.fq.gz,forward
FGFP16S0881,/mnt/microbio_research/suisha/Review/Re60/EGAD00001004449/DATA/EGAF00002231635/FGFP16S0881.2.fq.gz,reverse
FGFP16S0893,/mnt/microbio_research/suisha/Review/Re60/EGAD00001004449/DATA/EGAF00002231722/FGFP16S0893.1.fq.gz,forward
FGFP16S0893,/mnt/microbio_research/suisha/Review/Re60/EGAD00001004449/DATA/EGAF00002231723/FGFP16S0893.2.fq.gz,reverse
FGFP16S0896,/mnt/microbio_research/suisha/Review/Re60/EGAD00001004449/DATA/EGAF00002231728/FGFP16S0896.1.fq.gz,forward
FGFP16S0896,/mnt/microbio_research/suisha/Review/Re60/EGAD00001004449/DATA/EGAF00002231729/FGFP16S0896.2.fq.gz,reverse
FGFP16S0902,/mnt/microbio_research/suisha/Review/Re60/EGAD00001004449/DATA/EGAF00002231740/FGFP16S0902.1.fq.gz,forward
FGFP16S0902,/mnt/microbio_research/suisha/Review/Re60/EGAD00001004449/DATA/EGAF00002231741/FGFP16S0902.2.fq.gz,reverse
FGFP16S0903,/mnt/microbio_research/suisha/Review/Re60/EGAD00001004449/DATA/EGAF00002231742/FGFP16S0903.1.fq.gz,forward
FGFP16S0903,/mnt/microbio_research/suisha/Review/Re60/EGAD00001004449/DATA/EGAF00002231743/FGFP16S0903.2.fq.gz,reverse
FGFP16S0918,/mnt/microbio_research/suisha/Review/Re60/EGAD00001004449/DATA/EGAF00002231866/FGFP16S0918.1.fq.gz,forward
FGFP16S0918,/mnt/microbio_research/suisha/Review/Re60/EGAD00001004449/DATA/EGAF00002231867/FGFP16S0918.2.fq.gz,reverse
FGFP16S0923,/mnt/microbio_research/suisha/Review/Re60/EGAD00001004449/DATA/EGAF00002231972/FGFP16S0923.1.fq.gz,forward
FGFP16S0923,/mnt/microbio_research/suisha/Review/Re60/EGAD00001004449/DATA/EGAF00002231973/FGFP16S0923.2.fq.gz,reverse
FGFP16S0942,/mnt/microbio_research/suisha/Review/Re60/EGAD00001004449/DATA/EGAF00002232106/FGFP16S0942.1.fq.gz,forward
FGFP16S0942,/mnt/microbio_research/suisha/Review/Re60/EGAD00001004449/DATA/EGAF00002232107/FGFP16S0942.2.fq.gz,reverse
FGFP16S0943,/mnt/microbio_research/suisha/Review/Re60/EGAD00001004449/DATA/EGAF00002232108/FGFP16S0943.1.fq.gz,forward
FGFP16S0943,/mnt/microbio_research/suisha/Review/Re60/EGAD00001004449/DATA/EGAF00002232109/FGFP16S0943.2.fq.gz,reverse
FGFP16S0947,/mnt/microbio_research/suisha/Review/Re60/EGAD00001004449/DATA/EGAF00002232116/FGFP16S0947.1.fq.gz,forward
FGFP16S0947,/mnt/microbio_research/suisha/Review/Re60/EGAD00001004449/DATA/EGAF00002232117/FGFP16S0947.2.fq.gz,reverse
FGFP16S0950,/mnt/microbio_research/suisha/Review/Re60/EGAD00001004449/DATA/EGAF00002232122/FGFP16S0950.1.fq.gz,forward
FGFP16S0950,/mnt/microbio_research/suisha/Review/Re60/EGAD00001004449/DATA/EGAF00002232123/FGFP16S0950.2.fq.gz,reverse
FGFP16S0954,/mnt/microbio_research/suisha/Review/Re60/EGAD00001004449/DATA/EGAF00002232226/FGFP16S0954.1.fq.gz,forward
FGFP16S0954,/mnt/microbio_research/suisha/Review/Re60/EGAD00001004449/DATA/EGAF00002232227/FGFP16S0954.2.fq.gz,reverse
FGFP16S0955,/mnt/microbio_research/suisha/Review/Re60/EGAD00001004449/DATA/EGAF00002232228/FGFP16S0955.1.fq.gz,forward
FGFP16S0955,/mnt/microbio_research/suisha/Review/Re60/EGAD00001004449/DATA/EGAF00002232229/FGFP16S0955.2.fq.gz,reverse
FGFP16S0956,/mnt/microbio_research/suisha/Review/Re60/EGAD00001004449/DATA/EGAF00002232230/FGFP16S0956.1.fq.gz,forward
FGFP16S0956,/mnt/microbio_research/suisha/Review/Re60/EGAD00001004449/DATA/EGAF00002232231/FGFP16S0956.2.fq.gz,reverse
FGFP16S0957,/mnt/microbio_research/suisha/Review/Re60/EGAD00001004449/DATA/EGAF00002232232/FGFP16S0957.1.fq.gz,forward
FGFP16S0957,/mnt/microbio_research/suisha/Review/Re60/EGAD00001004449/DATA/EGAF00002232233/FGFP16S0957.2.fq.gz,reverse
FGFP16S0959,/mnt/microbio_research/suisha/Review/Re60/EGAD00001004449/DATA/EGAF00002232236/FGFP16S0959.1.fq.gz,forward
FGFP16S0959,/mnt/microbio_research/suisha/Review/Re60/EGAD00001004449/DATA/EGAF00002232237/FGFP16S0959.2.fq.gz,reverse
FGFP16S0961,/mnt/microbio_research/suisha/Review/Re60/EGAD00001004449/DATA/EGAF00002232240/FGFP16S0961.1.fq.gz,forward
FGFP16S0961,/mnt/microbio_research/suisha/Review/Re60/EGAD00001004449/DATA/EGAF00002232241/FGFP16S0961.2.fq.gz,reverse
FGFP16S0964,/mnt/microbio_research/suisha/Review/Re60/EGAD00001004449/DATA/EGAF00002232246/FGFP16S0964.1.fq.gz,forward
FGFP16S0964,/mnt/microbio_research/suisha/Review/Re60/EGAD00001004449/DATA/EGAF00002232247/FGFP16S0964.2.fq.gz,reverse
FGFP16S0966,/mnt/microbio_research/suisha/Review/Re60/EGAD00001004449/DATA/EGAF00002232250/FGFP16S0966.1.fq.gz,forward
FGFP16S0966,/mnt/microbio_research/suisha/Review/Re60/EGAD00001004449/DATA/EGAF00002232251/FGFP16S0966.2.fq.gz,reverse
FGFP16S0974,/mnt/microbio_research/suisha/Review/Re60/EGAD00001004449/DATA/EGAF00002232362/FGFP16S0974.1.fq.gz,forward
FGFP16S0974,/mnt/microbio_research/suisha/Review/Re60/EGAD00001004449/DATA/EGAF00002232363/FGFP16S0974.2.fq.gz,reverse
FGFP16S0978,/mnt/microbio_research/suisha/Review/Re60/EGAD00001004449/DATA/EGAF00002232370/FGFP16S0978.1.fq.gz,forward
FGFP16S0978,/mnt/microbio_research/suisha/Review/Re60/EGAD00001004449/DATA/EGAF00002232371/FGFP16S0978.2.fq.gz,reverse
FGFP16S0979,/mnt/microbio_research/suisha/Review/Re60/EGAD00001004449/DATA/EGAF00002232372/FGFP16S0979.1.fq.gz,forward
FGFP16S0979,/mnt/microbio_research/suisha/Review/Re60/EGAD00001004449/DATA/EGAF00002232373/FGFP16S0979.2.fq.gz,reverse
FGFP16S0981,/mnt/microbio_research/suisha/Review/Re60/EGAD00001004449/DATA/EGAF00002232376/FGFP16S0981.1.fq.gz,forward
FGFP16S0981,/mnt/microbio_research/suisha/Review/Re60/EGAD00001004449/DATA/EGAF00002232377/FGFP16S0981.2.fq.gz,reverse
FGFP16S0982,/mnt/microbio_research/suisha/Review/Re60/EGAD00001004449/DATA/EGAF00002232378/FGFP16S0982.1.fq.gz,forward
FGFP16S0982,/mnt/microbio_research/suisha/Review/Re60/EGAD00001004449/DATA/EGAF00002232379/FGFP16S0982.2.fq.gz,reverse
FGFP16S0984,/mnt/microbio_research/suisha/Review/Re60/EGAD00001004449/DATA/EGAF00002232478/FGFP16S0984.1.fq.gz,forward
FGFP16S0984,/mnt/microbio_research/suisha/Review/Re60/EGAD00001004449/DATA/EGAF00002232479/FGFP16S0984.2.fq.gz,reverse
FGFP16S0985,/mnt/microbio_research/suisha/Review/Re60/EGAD00001004449/DATA/EGAF00002232480/FGFP16S0985.1.fq.gz,forward
FGFP16S0985,/mnt/microbio_research/suisha/Review/Re60/EGAD00001004449/DATA/EGAF00002232481/FGFP16S0985.2.fq.gz,reverse
FGFP16S0995,/mnt/microbio_research/suisha/Review/Re60/EGAD00001004449/DATA/EGAF00002232500/FGFP16S0995.1.fq.gz,forward
FGFP16S0995,/mnt/microbio_research/suisha/Review/Re60/EGAD00001004449/DATA/EGAF00002232501/FGFP16S0995.2.fq.gz,reverse
FGFP16S0999,/mnt/microbio_research/suisha/Review/Re60/EGAD00001004449/DATA/EGAF00002232508/FGFP16S0999.1.fq.gz,forward
FGFP16S0999,/mnt/microbio_research/suisha/Review/Re60/EGAD00001004449/DATA/EGAF00002232509/FGFP16S0999.2.fq.gz,reverse
FGFP16S1001,/mnt/microbio_research/suisha/Review/Re60/EGAD00001004449/DATA/EGAF00002232626/FGFP16S1001.1.fq.gz,forward
FGFP16S1001,/mnt/microbio_research/suisha/Review/Re60/EGAD00001004449/DATA/EGAF00002232627/FGFP16S1001.2.fq.gz,reverse
FGFP16S1003,/mnt/microbio_research/suisha/Review/Re60/EGAD00001004449/DATA/EGAF00002232630/FGFP16S1003.1.fq.gz,forward
FGFP16S1003,/mnt/microbio_research/suisha/Review/Re60/EGAD00001004449/DATA/EGAF00002232631/FGFP16S1003.2.fq.gz,reverse
FGFP16S1011,/mnt/microbio_research/suisha/Review/Re60/EGAD00001004449/DATA/EGAF00002232646/FGFP16S1011.1.fq.gz,forward
FGFP16S1011,/mnt/microbio_research/suisha/Review/Re60/EGAD00001004449/DATA/EGAF00002232647/FGFP16S1011.2.fq.gz,reverse
FGFP16S1016,/mnt/microbio_research/suisha/Review/Re60/EGAD00001004449/DATA/EGAF00002232784/FGFP16S1016.1.fq.gz,forward
FGFP16S1016,/mnt/microbio_research/suisha/Review/Re60/EGAD00001004449/DATA/EGAF00002232785/FGFP16S1016.2.fq.gz,reverse
FGFP16S1019,/mnt/microbio_research/suisha/Review/Re60/EGAD00001004449/DATA/EGAF00002232790/FGFP16S1019.1.fq.gz,forward
FGFP16S1019,/mnt/microbio_research/suisha/Review/Re60/EGAD00001004449/DATA/EGAF00002232791/FGFP16S1019.2.fq.gz,reverse
FGFP16S1021,/mnt/microbio_research/suisha/Review/Re60/EGAD00001004449/DATA/EGAF00002232794/FGFP16S1021.1.fq.gz,forward
FGFP16S1021,/mnt/microbio_research/suisha/Review/Re60/EGAD00001004449/DATA/EGAF00002232795/FGFP16S1021.2.fq.gz,reverse
FGFP16S1024,/mnt/microbio_research/suisha/Review/Re60/EGAD00001004449/DATA/EGAF00002232800/FGFP16S1024.1.fq.gz,forward
FGFP16S1024,/mnt/microbio_research/suisha/Review/Re60/EGAD00001004449/DATA/EGAF00002232801/FGFP16S1024.2.fq.gz,reverse
FGFP16S1032,/mnt/microbio_research/suisha/Review/Re60/EGAD00001004449/DATA/EGAF00002232944/FGFP16S1032.1.fq.gz,forward
FGFP16S1032,/mnt/microbio_research/suisha/Review/Re60/EGAD00001004449/DATA/EGAF00002232945/FGFP16S1032.2.fq.gz,reverse
FGFP16S1037,/mnt/microbio_research/suisha/Review/Re60/EGAD00001004449/DATA/EGAF00002232954/FGFP16S1037.1.fq.gz,forward
FGFP16S1037,/mnt/microbio_research/suisha/Review/Re60/EGAD00001004449/DATA/EGAF00002232955/FGFP16S1037.2.fq.gz,reverse
FGFP16S1042,/mnt/microbio_research/suisha/Review/Re60/EGAD00001004449/DATA/EGAF00002232964/FGFP16S1042.1.fq.gz,forward
FGFP16S1042,/mnt/microbio_research/suisha/Review/Re60/EGAD00001004449/DATA/EGAF00002232965/FGFP16S1042.2.fq.gz,reverse
FGFP16S1043,/mnt/microbio_research/suisha/Review/Re60/EGAD00001004449/DATA/EGAF00002232966/FGFP16S1043.1.fq.gz,forward
FGFP16S1043,/mnt/microbio_research/suisha/Review/Re60/EGAD00001004449/DATA/EGAF00002232967/FGFP16S1043.2.fq.gz,reverse
FGFP16S1048,/mnt/microbio_research/suisha/Review/Re60/EGAD00001004449/DATA/EGAF00002233114/FGFP16S1048.1.fq.gz,forward
FGFP16S1048,/mnt/microbio_research/suisha/Review/Re60/EGAD00001004449/DATA/EGAF00002233115/FGFP16S1048.2.fq.gz,reverse
